MSSubClass;LotFrontage;LotArea;OverallQual;OverallCond;YearBuilt;YearRemodAdd;MasVnrArea;BsmtFinSF1;BsmtFinSF2;BsmtUnfSF;TotalBsmtSF;1stFlrSF;2ndFlrSF;LowQualFinSF;GrLivArea;BsmtFullBath;BsmtHalfBath;FullBath;HalfBath;BedroomAbvGr;KitchenAbvGr;TotRmsAbvGrd;Fireplaces;GarageYrBlt;GarageCars;GarageArea;WoodDeckSF;OpenPorchSF;EnclosedPorch;3SsnPorch;ScreenPorch;PoolArea;MiscVal;MoSold;YrSold;d
60;65;8450;7;5;2003;2003;196;706;0;150;856;856;854;0;1710;1;0;2;1;3;1;8;0;2003;2;548;0;61;0;0;0;0;0;2;2008;208500
20;80;9600;6;8;1976;1976;0;978;0;284;1262;1262;0;0;1262;0;1;2;0;3;1;6;1;1976;2;460;298;0;0;0;0;0;0;5;2007;181500
60;68;11250;7;5;2001;2002;162;486;0;434;920;920;866;0;1786;1;0;2;1;3;1;6;1;2001;2;608;0;42;0;0;0;0;0;9;2008;223500
70;60;9550;7;5;1915;1970;0;216;0;540;756;961;756;0;1717;1;0;1;0;3;1;7;1;1998;3;642;0;35;272;0;0;0;0;2;2006;140000
60;84;14260;8;5;2000;2000;350;655;0;490;1145;1145;1053;0;2198;1;0;2;1;4;1;9;1;2000;3;836;192;84;0;0;0;0;0;12;2008;250000
50;85;14115;5;5;1993;1995;0;732;0;64;796;796;566;0;1362;1;0;1;1;1;1;5;0;1993;2;480;40;30;0;320;0;0;700;10;2009;143000
20;75;10084;8;5;2004;2005;186;1369;0;317;1686;1694;0;0;1694;1;0;2;0;3;1;7;1;2004;2;636;255;57;0;0;0;0;0;8;2007;307000
60;NA;10382;7;6;1973;1973;240;859;32;216;1107;1107;983;0;2090;1;0;2;1;3;1;7;2;1973;2;484;235;204;228;0;0;0;350;11;2009;200000
50;51;6120;7;5;1931;1950;0;0;0;952;952;1022;752;0;1774;0;0;2;0;2;2;8;2;1931;2;468;90;0;205;0;0;0;0;4;2008;129900
190;50;7420;5;6;1939;1950;0;851;0;140;991;1077;0;0;1077;1;0;1;0;2;2;5;2;1939;1;205;0;4;0;0;0;0;0;1;2008;118000
20;70;11200;5;5;1965;1965;0;906;0;134;1040;1040;0;0;1040;1;0;1;0;3;1;5;0;1965;1;384;0;0;0;0;0;0;0;2;2008;129500
60;85;11924;9;5;2005;2006;286;998;0;177;1175;1182;1142;0;2324;1;0;3;0;4;1;11;2;2005;3;736;147;21;0;0;0;0;0;7;2006;345000
20;NA;12968;5;6;1962;1962;0;737;0;175;912;912;0;0;912;1;0;1;0;2;1;4;0;1962;1;352;140;0;0;0;176;0;0;9;2008;144000
20;91;10652;7;5;2006;2007;306;0;0;1494;1494;1494;0;0;1494;0;0;2;0;3;1;7;1;2006;3;840;160;33;0;0;0;0;0;8;2007;279500
20;NA;10920;6;5;1960;1960;212;733;0;520;1253;1253;0;0;1253;1;0;1;1;2;1;5;1;1960;1;352;0;213;176;0;0;0;0;5;2008;157000
45;51;6120;7;8;1929;2001;0;0;0;832;832;854;0;0;854;0;0;1;0;2;1;5;0;1991;2;576;48;112;0;0;0;0;0;7;2007;132000
20;NA;11241;6;7;1970;1970;180;578;0;426;1004;1004;0;0;1004;1;0;1;0;2;1;5;1;1970;2;480;0;0;0;0;0;0;700;3;2010;149000
90;72;10791;4;5;1967;1967;0;0;0;0;0;1296;0;0;1296;0;0;2;0;2;2;6;0;1967;2;516;0;0;0;0;0;0;500;10;2006;90000
20;66;13695;5;5;2004;2004;0;646;0;468;1114;1114;0;0;1114;1;0;1;1;3;1;6;0;2004;2;576;0;102;0;0;0;0;0;6;2008;159000
20;70;7560;5;6;1958;1965;0;504;0;525;1029;1339;0;0;1339;0;0;1;0;3;1;6;0;1958;1;294;0;0;0;0;0;0;0;5;2009;139000
60;101;14215;8;5;2005;2006;380;0;0;1158;1158;1158;1218;0;2376;0;0;3;1;4;1;9;1;2005;3;853;240;154;0;0;0;0;0;11;2006;325300
45;57;7449;7;7;1930;1950;0;0;0;637;637;1108;0;0;1108;0;0;1;0;3;1;6;1;1930;1;280;0;0;205;0;0;0;0;6;2007;139400
20;75;9742;8;5;2002;2002;281;0;0;1777;1777;1795;0;0;1795;0;0;2;0;3;1;7;1;2002;2;534;171;159;0;0;0;0;0;9;2008;230000
120;44;4224;5;7;1976;1976;0;840;0;200;1040;1060;0;0;1060;1;0;1;0;3;1;6;1;1976;2;572;100;110;0;0;0;0;0;6;2007;129900
20;NA;8246;5;8;1968;2001;0;188;668;204;1060;1060;0;0;1060;1;0;1;0;3;1;6;1;1968;1;270;406;90;0;0;0;0;0;5;2010;154000
20;110;14230;8;5;2007;2007;640;0;0;1566;1566;1600;0;0;1600;0;0;2;0;3;1;7;1;2007;3;890;0;56;0;0;0;0;0;7;2009;256300
20;60;7200;5;7;1951;2000;0;234;486;180;900;900;0;0;900;0;1;1;0;3;1;5;0;2005;2;576;222;32;0;0;0;0;0;5;2010;134800
20;98;11478;8;5;2007;2008;200;1218;0;486;1704;1704;0;0;1704;1;0;2;0;3;1;7;1;2008;3;772;0;50;0;0;0;0;0;5;2010;306000
20;47;16321;5;6;1957;1997;0;1277;0;207;1484;1600;0;0;1600;1;0;1;0;2;1;6;2;1957;1;319;288;258;0;0;0;0;0;12;2006;207500
30;60;6324;4;6;1927;1950;0;0;0;520;520;520;0;0;520;0;0;1;0;1;1;4;0;1920;1;240;49;0;87;0;0;0;0;5;2008;68500
70;50;8500;4;4;1920;1950;0;0;0;649;649;649;668;0;1317;0;0;1;0;3;1;6;0;1920;1;250;0;54;172;0;0;0;0;7;2008;40000
20;NA;8544;5;6;1966;2006;0;0;0;1228;1228;1228;0;0;1228;0;0;1;1;3;1;6;0;1966;1;271;0;65;0;0;0;0;0;6;2008;149350
20;85;11049;8;5;2007;2007;0;0;0;1234;1234;1234;0;0;1234;0;0;2;0;3;1;7;0;2007;2;484;0;30;0;0;0;0;0;1;2008;179900
20;70;10552;5;5;1959;1959;0;1018;0;380;1398;1700;0;0;1700;0;1;1;1;4;1;6;1;1959;2;447;0;38;0;0;0;0;0;4;2010;165500
120;60;7313;9;5;2005;2005;246;1153;0;408;1561;1561;0;0;1561;1;0;2;0;2;1;6;1;2005;2;556;203;47;0;0;0;0;0;8;2007;277500
60;108;13418;8;5;2004;2005;132;0;0;1117;1117;1132;1320;0;2452;0;0;3;1;4;1;9;1;2004;3;691;113;32;0;0;0;0;0;9;2006;309000
20;112;10859;5;5;1994;1995;0;0;0;1097;1097;1097;0;0;1097;0;0;1;1;3;1;6;0;1995;2;672;392;64;0;0;0;0;0;6;2009;145000
20;74;8532;5;6;1954;1990;650;1213;0;84;1297;1297;0;0;1297;0;1;1;0;3;1;5;1;1954;2;498;0;0;0;0;0;0;0;10;2009;153000
20;68;7922;5;7;1953;2007;0;731;0;326;1057;1057;0;0;1057;1;0;1;0;3;1;5;0;1953;1;246;0;52;0;0;0;0;0;1;2010;109000
90;65;6040;4;5;1955;1955;0;0;0;0;0;1152;0;0;1152;0;0;2;0;2;2;6;0;NA;0;0;0;0;0;0;0;0;0;6;2008;82000
20;84;8658;6;5;1965;1965;101;643;0;445;1088;1324;0;0;1324;0;0;2;0;3;1;6;1;1965;2;440;0;138;0;0;0;0;0;12;2006;160000
20;115;16905;5;6;1959;1959;0;967;0;383;1350;1328;0;0;1328;0;1;1;1;2;1;5;2;1959;1;308;0;104;0;0;0;0;0;7;2007;170000
85;NA;9180;5;7;1983;1983;0;747;93;0;840;884;0;0;884;1;0;1;0;2;1;5;0;1983;2;504;240;0;0;0;0;0;0;12;2007;144000
20;NA;9200;5;6;1975;1980;0;280;491;167;938;938;0;0;938;1;0;1;0;3;1;5;0;1977;1;308;145;0;0;0;0;0;0;7;2008;130250
20;70;7945;5;6;1959;1959;0;179;506;465;1150;1150;0;0;1150;1;0;1;0;3;1;6;0;1959;1;300;0;0;0;0;0;0;0;5;2006;141000
120;61;7658;9;5;2005;2005;412;456;0;1296;1752;1752;0;0;1752;1;0;2;0;2;1;6;1;2005;2;576;196;82;0;0;0;0;0;2;2010;319900
50;48;12822;7;5;2003;2003;0;1351;0;83;1434;1518;631;0;2149;1;0;1;1;1;1;6;1;2003;2;670;168;43;0;0;198;0;0;8;2009;239686
20;84;11096;8;5;2006;2006;0;24;0;1632;1656;1656;0;0;1656;0;0;2;0;3;1;7;0;2006;3;826;0;146;0;0;0;0;0;7;2007;249700
190;33;4456;4;5;1920;2008;0;0;0;736;736;736;716;0;1452;0;0;2;0;2;3;8;0;NA;0;0;0;0;102;0;0;0;0;6;2009;113000
20;66;7742;5;7;1966;1966;0;763;0;192;955;955;0;0;955;1;0;1;0;3;1;6;0;1966;1;386;0;0;0;0;0;0;0;1;2007;127000
60;NA;13869;6;6;1997;1997;0;182;0;612;794;794;676;0;1470;0;1;2;0;3;1;6;0;1997;2;388;0;75;0;0;0;0;0;7;2007;177000
50;52;6240;6;6;1934;1950;0;0;0;816;816;816;0;360;1176;0;0;1;0;3;1;6;1;1985;2;528;112;0;0;0;0;0;400;9;2006;114500
90;110;8472;5;5;1963;1963;0;104;712;0;816;816;0;0;816;1;0;1;0;2;1;5;0;1963;2;516;106;0;0;0;0;0;0;5;2010;110000
20;68;50271;9;5;1981;1987;0;1810;0;32;1842;1842;0;0;1842;2;0;0;1;0;1;5;1;1981;3;894;857;72;0;0;0;0;0;11;2006;385000
80;60;7134;5;5;1955;1955;0;384;0;0;384;1360;0;0;1360;0;0;1;0;3;1;6;1;1962;2;572;0;50;0;0;0;0;0;2;2007;130000
20;100;10175;6;5;1964;1964;272;490;0;935;1425;1425;0;0;1425;0;0;2;0;3;1;7;1;1964;2;576;0;0;0;407;0;0;0;7;2008;180500
160;24;2645;8;5;1999;2000;456;649;0;321;970;983;756;0;1739;1;0;2;1;3;1;7;0;1999;2;480;115;0;0;0;0;0;0;8;2009;172500
60;89;11645;7;5;2004;2004;0;0;0;860;860;860;860;0;1720;0;0;2;1;3;1;7;0;2004;2;565;0;70;0;0;0;0;0;8;2006;196500
60;66;13682;10;5;2006;2006;1031;0;0;1410;1410;1426;1519;0;2945;0;0;3;1;3;1;10;1;2006;3;641;192;0;37;0;0;0;0;10;2006;438780
20;60;7200;5;7;1972;1972;0;632;0;148;780;780;0;0;780;0;0;1;0;2;1;4;0;1973;1;352;196;0;0;0;0;0;0;1;2008;124900
20;63;13072;6;5;2004;2004;0;941;0;217;1158;1158;0;0;1158;1;0;1;1;3;1;5;0;2006;2;576;0;50;0;0;0;0;0;5;2006;158000
75;60;7200;5;7;1920;1996;0;0;0;530;530;581;530;0;1111;0;0;1;0;3;1;6;0;1935;1;288;0;0;144;0;0;0;0;3;2007;101000
120;44;6442;8;5;2006;2006;178;24;0;1346;1370;1370;0;0;1370;0;0;2;0;2;1;6;1;2006;2;484;120;49;0;0;0;0;0;10;2007;202500
70;50;10300;7;6;1921;1950;0;0;0;576;576;902;808;0;1710;0;0;2;0;3;1;9;0;1990;2;480;12;11;64;0;0;0;0;4;2010;140000
60;NA;9375;7;5;1997;1998;573;739;0;318;1057;1057;977;0;2034;1;0;2;1;3;1;8;0;1998;2;645;576;36;0;0;0;0;0;2;2009;219500
60;76;9591;8;5;2004;2005;344;0;0;1143;1143;1143;1330;0;2473;0;0;2;1;4;1;9;1;2004;3;852;192;151;0;0;0;0;0;10;2007;317000
20;NA;19900;7;5;1970;1989;287;912;0;1035;1947;2207;0;0;2207;1;0;2;0;3;1;7;1;1970;2;576;301;0;0;0;0;0;0;7;2010;180000
20;72;10665;7;5;2003;2003;167;1013;0;440;1453;1479;0;0;1479;1;0;2;0;3;1;7;0;2003;2;558;144;29;0;0;0;0;0;6;2007;226000
30;47;4608;4;6;1945;1950;0;0;0;747;747;747;0;0;747;0;0;1;0;2;1;4;0;1945;1;220;0;0;0;0;0;0;0;6;2010;80000
50;81;15593;7;4;1953;1953;0;603;0;701;1304;1304;983;0;2287;0;0;2;0;3;1;7;1;1953;2;667;0;21;114;0;0;0;0;7;2006;225000
20;95;13651;7;6;1973;1973;1115;1880;0;343;2223;2223;0;0;2223;1;0;2;0;3;1;8;2;1973;2;516;300;0;0;0;0;0;0;2;2007;244000
20;69;7599;4;6;1982;2006;0;565;0;280;845;845;0;0;845;1;0;1;0;2;1;4;0;1987;2;360;0;0;0;0;0;0;0;6;2007;129500
60;74;10141;7;5;1998;1998;40;0;0;832;832;885;833;0;1718;0;0;2;1;3;1;7;1;1998;2;427;0;94;0;0;291;0;0;12;2009;185000
20;85;10200;5;7;1954;2003;104;320;362;404;1086;1086;0;0;1086;1;0;1;0;3;1;6;0;1989;2;490;0;0;0;0;0;0;0;5;2010;144900
50;60;5790;3;6;1915;1950;0;0;0;840;840;840;765;0;1605;0;0;2;0;3;2;8;0;1915;1;379;0;0;202;0;0;0;0;5;2010;107400
180;21;1596;4;5;1973;1973;0;462;0;0;462;526;462;0;988;1;0;1;0;2;1;5;0;1973;1;297;120;101;0;0;0;0;0;11;2009;91000
20;NA;8475;4;7;1956;1956;0;228;0;724;952;952;0;0;952;0;0;1;0;2;1;4;0;1956;1;283;0;0;0;0;0;0;0;4;2008;135750
50;50;8635;5;5;1948;2001;0;336;41;295;672;1072;213;0;1285;1;0;1;0;2;1;6;0;1948;1;240;0;0;0;0;0;0;0;1;2008;127000
90;72;10778;4;5;1968;1968;0;0;0;1768;1768;1768;0;0;1768;0;0;2;0;4;2;8;0;NA;0;0;0;0;0;0;0;0;0;4;2010;136500
50;60;10440;5;6;1910;1981;0;0;0;440;440;682;548;0;1230;0;0;1;1;2;1;5;0;1966;2;440;74;0;128;0;0;0;0;5;2009;110000
60;100;13000;6;6;1968;1968;576;448;0;448;896;1182;960;0;2142;0;0;2;1;4;1;8;1;1968;1;509;0;72;0;0;252;0;0;6;2009;193500
120;32;4500;6;5;1998;1998;443;1201;0;36;1237;1337;0;0;1337;1;0;2;0;2;1;5;0;1998;2;405;0;199;0;0;0;0;0;3;2006;153500
20;78;10206;8;5;2007;2007;468;33;0;1530;1563;1563;0;0;1563;0;0;2;0;3;1;6;1;2007;3;758;144;99;0;0;0;0;0;10;2008;245000
20;80;8892;5;5;1960;1960;66;0;0;1065;1065;1065;0;0;1065;0;0;1;1;3;1;6;0;1974;2;461;74;0;0;0;0;0;0;7;2007;126500
80;NA;8530;7;5;1995;1996;22;0;0;384;384;804;670;0;1474;0;0;2;1;3;1;7;1;1995;2;400;120;72;0;0;0;0;700;5;2009;168500
60;121;16059;8;5;1991;1992;284;0;0;1288;1288;1301;1116;0;2417;0;0;2;1;4;1;9;1;1991;2;462;127;82;0;0;0;0;0;4;2006;260000
60;122;11911;6;5;2005;2005;0;0;0;684;684;684;876;0;1560;0;0;2;1;3;1;6;1;2005;2;400;100;38;0;0;0;0;0;3;2009;174000
160;40;3951;6;5;2009;2009;76;0;0;612;612;612;612;0;1224;0;0;2;1;2;1;4;0;2009;2;528;0;234;0;0;0;0;0;6;2009;164500
50;105;8470;3;2;1915;1982;0;0;0;1013;1013;1013;0;513;1526;0;0;1;0;2;1;6;0;NA;0;0;0;0;156;0;0;0;0;10;2009;85000
20;60;8070;4;5;1994;1995;0;588;0;402;990;990;0;0;990;1;0;1;0;3;1;5;0;NA;0;0;0;0;0;0;0;0;0;8;2007;123600
20;60;7200;4;5;1950;1950;0;0;0;0;0;1040;0;0;1040;0;0;1;0;2;1;4;0;1950;2;420;0;29;0;0;0;0;0;7;2006;109900
20;85;8500;5;3;1961;1961;203;600;0;635;1235;1235;0;0;1235;0;0;1;0;2;1;6;0;1961;2;480;0;0;0;0;0;0;0;12;2006;98600
30;80;13360;5;7;1921;2006;0;713;0;163;876;964;0;0;964;1;0;1;0;2;1;5;0;1921;2;432;0;0;44;0;0;0;0;8;2009;163500
190;60;7200;6;6;1910;1998;0;1046;0;168;1214;1260;1031;0;2291;0;1;2;0;4;2;9;1;1900;2;506;0;0;0;0;99;0;0;11;2007;133900
60;69;9337;6;5;1997;1997;0;648;0;176;824;905;881;0;1786;1;0;2;1;3;1;7;0;1997;2;684;0;162;0;0;0;0;0;5;2007;204750
60;NA;9765;6;8;1993;1993;68;310;0;370;680;680;790;0;1470;0;0;2;1;3;1;6;1;1993;2;420;232;63;0;0;0;0;480;4;2009;185000
20;78;10264;7;5;1999;1999;183;1162;0;426;1588;1588;0;0;1588;0;0;2;0;3;1;6;0;1999;2;472;158;29;0;0;0;0;0;8;2006;214000
20;73;10921;4;5;1965;1965;48;520;0;440;960;960;0;0;960;1;0;1;0;3;1;6;0;1965;1;432;120;0;0;0;0;0;0;5;2007;94750
30;85;10625;5;5;1920;1950;0;108;0;350;458;835;0;0;835;0;0;1;0;2;1;5;0;1920;1;366;0;0;77;0;0;0;400;5;2010;83000
20;77;9320;4;5;1959;1959;0;569;0;381;950;1225;0;0;1225;1;0;1;1;3;1;6;0;NA;0;0;352;0;0;0;0;0;400;1;2010;128950
20;NA;10603;6;7;1977;2001;28;1200;0;410;1610;1610;0;0;1610;1;0;2;0;3;1;6;2;1977;2;480;168;68;0;0;0;0;0;2;2010;205000
60;77;9206;6;5;1985;1985;336;0;0;741;741;977;755;0;1732;0;0;2;1;3;1;7;1;1985;2;476;192;46;0;0;0;0;0;6;2010;178000
90;64;7018;5;5;1979;1979;0;0;0;0;0;1535;0;0;1535;0;0;2;0;4;2;8;0;1979;2;410;0;0;0;0;0;0;0;6;2009;118964
20;94;10402;7;5;2009;2009;0;0;0;1226;1226;1226;0;0;1226;0;0;2;0;3;1;6;0;2009;3;740;0;36;0;0;0;0;0;5;2010;198900
50;NA;7758;7;4;1931;1950;600;224;0;816;1040;1226;592;0;1818;0;0;1;1;4;1;7;2;1951;1;240;0;0;0;0;184;0;0;6;2007;169500
60;75;9375;8;5;2003;2004;768;0;0;1053;1053;1053;939;0;1992;0;0;2;1;3;1;9;1;2003;2;648;140;45;0;0;0;0;0;8;2008;250000
30;60;10800;4;7;1885;1995;0;0;0;641;641;1047;0;0;1047;0;0;1;0;2;1;6;0;1954;1;273;0;0;0;0;0;0;450;8;2007;100000
20;50;6000;5;5;1948;1950;0;104;169;516;789;789;0;0;789;0;0;1;0;2;1;5;0;1948;1;250;0;0;0;0;0;0;0;4;2008;115000
50;85;8500;5;7;1919;2005;0;0;0;793;793;997;520;0;1517;0;0;2;0;3;1;7;0;NA;0;0;0;0;144;0;0;0;0;8;2007;115000
20;105;11751;6;6;1977;1977;480;705;0;1139;1844;1844;0;0;1844;0;0;2;0;3;1;7;1;1977;2;546;0;122;0;0;0;0;0;1;2010;190000
50;75;9525;6;4;1954;1972;0;444;0;550;994;1216;639;0;1855;0;0;2;0;4;1;7;0;1954;1;325;182;0;0;0;0;0;0;10;2006;136900
80;NA;7750;7;5;2000;2000;0;250;0;134;384;774;656;0;1430;0;0;2;1;3;1;7;1;2000;2;400;180;0;0;0;0;0;0;4;2010;180000
60;77;9965;7;5;2007;2007;220;984;0;280;1264;1282;1414;0;2696;1;0;2;1;4;1;10;1;2007;3;792;120;184;0;0;168;0;0;10;2007;383970
20;NA;21000;6;5;1953;1953;184;35;869;905;1809;2259;0;0;2259;1;0;2;0;3;1;7;2;1953;2;450;166;120;192;0;0;0;0;10;2007;217000
70;61;7259;6;8;1945;2002;0;774;150;104;1028;1436;884;0;2320;1;0;2;1;3;1;9;1;1945;1;180;224;0;0;0;0;0;0;7;2007;259500
160;34;3230;6;5;1999;1999;1129;419;0;310;729;729;729;0;1458;0;0;2;1;2;1;5;1;1999;2;440;0;32;0;0;0;0;0;6;2007;176000
20;NA;11616;5;5;1962;1962;116;170;670;252;1092;1092;0;0;1092;0;1;1;0;3;1;6;1;1962;1;288;0;20;144;0;0;0;0;9;2009;139000
20;74;8536;5;5;2006;2007;0;0;0;1125;1125;1125;0;0;1125;0;0;1;1;2;1;5;0;2007;2;430;80;64;0;0;0;0;0;4;2007;155000
60;90;12376;7;5;1990;1990;0;1470;0;203;1673;1699;1523;0;3222;1;0;3;0;5;1;11;2;1990;3;594;367;0;0;0;0;0;0;5;2010;320000
60;65;8461;6;5;2005;2006;0;0;0;728;728;728;728;0;1456;0;0;2;1;3;1;8;1;2005;2;390;0;24;0;0;0;0;0;7;2006;163990
80;NA;21453;6;5;1969;1969;0;938;0;0;938;988;0;0;988;1;0;1;0;1;1;4;2;1969;2;540;0;130;0;130;0;0;0;10;2006;180000
50;50;6060;4;5;1939;1950;0;0;0;732;732;772;351;0;1123;0;0;1;0;3;1;4;0;1979;1;264;0;0;140;0;0;0;0;6;2007;100000
20;75;9464;6;7;1958;1958;135;570;0;510;1080;1080;0;0;1080;0;0;1;0;3;1;5;0;1958;1;288;0;0;0;0;130;0;0;6;2008;136000
120;55;7892;6;5;1993;1993;0;300;0;899;1199;1199;0;0;1199;0;0;2;0;2;1;5;0;1993;2;530;0;63;0;0;0;0;0;3;2008;153900
20;48;17043;6;5;1979;1998;0;0;0;1362;1362;1586;0;0;1586;0;0;2;0;3;1;7;1;1979;2;435;192;0;0;0;0;0;0;1;2009;181000
190;60;6780;6;8;1935;1982;0;490;0;30;520;520;0;234;754;1;0;1;0;2;1;5;0;NA;0;0;53;0;0;0;0;0;0;6;2006;84500
120;NA;4928;6;5;1976;1976;0;120;0;958;1078;958;0;0;958;0;0;2;0;2;1;5;1;1977;2;440;0;205;0;0;0;0;0;2;2007;128000
45;55;4388;5;7;1930;1950;0;116;0;556;672;840;0;0;840;0;0;1;0;3;1;5;1;NA;0;0;0;0;0;0;0;0;0;6;2007;87000
60;69;7590;6;5;1966;1966;266;512;0;148;660;660;688;0;1348;0;0;1;1;3;1;6;1;1966;2;453;188;108;0;0;0;0;0;7;2006;155000
20;69;8973;5;7;1958;1991;85;567;28;413;1008;1053;0;0;1053;0;1;1;1;3;1;6;0;1998;2;750;0;80;0;180;0;0;0;7;2006;150000
60;88;14200;7;6;1966;1966;309;445;0;479;924;1216;941;0;2157;0;0;2;1;4;1;8;2;1966;2;487;105;66;0;0;0;0;0;5;2006;226000
60;NA;12224;6;5;2000;2000;40;695;0;297;992;1022;1032;0;2054;1;0;2;1;3;1;7;1;2000;2;390;24;48;0;0;0;0;0;7;2009;244000
20;75;7388;5;6;1959;2002;0;405;0;658;1063;1327;0;0;1327;1;0;1;0;3;1;7;0;1974;2;624;0;0;0;0;0;0;0;7;2007;150750
20;NA;6853;8;5;2001;2002;136;1005;0;262;1267;1296;0;0;1296;1;0;2;0;2;1;6;0;2001;2;471;192;25;0;0;0;0;0;6;2009;220000
20;78;10335;5;6;1968;1993;0;570;0;891;1461;1721;0;0;1721;0;0;2;1;3;1;7;1;1968;2;440;0;96;180;0;0;0;0;7;2006;180000
20;80;10400;7;6;1970;1970;288;0;0;1304;1304;1682;0;0;1682;0;0;2;0;3;1;7;1;1970;2;530;98;0;0;0;0;0;0;5;2008;174000
20;NA;10355;5;5;1967;1967;196;695;0;519;1214;1214;0;0;1214;0;0;2;0;3;1;5;1;1967;1;318;0;111;0;0;0;0;0;7;2007;143000
90;82;11070;7;5;1988;1989;70;0;0;1907;1907;1959;0;0;1959;0;0;3;0;5;2;9;0;1989;3;766;0;0;0;0;0;0;0;7;2006;171000
60;73;9066;8;5;1999;2000;320;668;0;336;1004;1004;848;0;1852;0;0;2;1;3;1;7;2;1999;3;660;224;106;0;0;0;0;0;12;2008;230000
60;65;15426;6;5;1997;1997;0;821;0;107;928;928;836;0;1764;1;0;2;1;3;1;7;0;1997;2;470;276;99;0;0;0;0;0;8;2009;231500
20;70;10500;4;5;1971;1971;0;432;0;432;864;864;0;0;864;0;0;1;0;3;1;5;1;NA;0;0;0;0;0;0;0;0;0;4;2010;115000
20;78;11645;7;5;2005;2005;0;1300;0;434;1734;1734;0;0;1734;1;0;2;0;3;1;7;0;2005;2;660;160;24;0;0;0;0;0;1;2006;260000
50;71;8520;5;4;1952;1952;0;507;0;403;910;910;475;0;1385;0;0;2;0;4;1;6;0;2000;2;720;0;0;0;0;0;0;0;6;2010;166000
20;78;10335;7;5;1999;1999;183;679;0;811;1490;1501;0;0;1501;1;0;2;0;3;1;6;0;1999;2;577;144;29;0;0;0;0;0;6;2009;204000
90;70;9100;5;5;1963;1963;336;1332;0;396;1728;1728;0;0;1728;1;0;2;0;6;2;10;0;1963;2;504;0;0;0;0;0;0;0;11;2006;125000
160;24;2522;6;5;2004;2006;50;0;0;970;970;970;739;0;1709;0;0;2;0;3;1;7;0;2004;2;380;0;40;0;0;0;0;0;4;2006;130000
30;51;6120;5;7;1931;1993;0;209;0;506;715;875;0;0;875;1;0;1;0;2;1;5;0;1931;1;180;48;0;0;0;0;0;0;11;2009;105000
60;NA;9505;7;5;2001;2001;180;0;0;884;884;884;1151;0;2035;0;0;2;1;3;1;8;1;2001;2;434;144;48;0;0;0;0;0;5;2010;222500
20;63;7500;7;5;2004;2005;120;680;0;400;1080;1080;0;0;1080;1;0;1;0;3;1;6;0;NA;0;0;0;0;0;0;0;0;0;4;2008;141000
50;NA;6240;5;4;1936;1950;0;0;0;896;896;896;448;0;1344;0;0;1;0;3;1;7;0;1936;1;240;200;114;0;0;0;0;0;4;2006;115000
20;120;10356;5;6;1975;1975;0;716;0;253;969;969;0;0;969;0;0;1;1;3;1;5;0;1975;2;440;0;0;0;0;0;0;0;1;2007;122000
20;107;13891;8;5;2007;2008;436;1400;0;310;1710;1710;0;0;1710;1;0;2;0;2;1;6;1;2007;3;866;0;102;0;0;0;0;0;1;2008;372402
60;NA;14803;6;5;1971;1971;252;416;0;409;825;1097;896;0;1993;0;0;2;1;4;1;8;1;1971;2;495;0;66;0;0;0;0;0;6;2006;190000
20;NA;13500;6;7;1960;1975;0;429;1080;93;1602;1252;0;0;1252;1;0;1;0;1;1;4;1;1960;2;564;409;0;0;0;0;0;0;3;2008;235000
30;84;11340;6;5;1923;1950;0;0;0;1200;1200;1200;0;0;1200;0;0;1;0;4;1;7;0;1923;1;312;0;0;228;0;0;0;0;3;2006;125000
50;60;9600;6;5;1924;1950;0;0;0;572;572;572;524;0;1096;0;0;1;0;2;1;5;0;NA;0;0;0;8;128;0;0;0;0;4;2008;79000
20;60;7200;5;7;1950;1950;0;0;0;0;0;1040;0;0;1040;0;0;1;0;2;1;5;0;1950;2;625;0;0;0;0;0;0;0;6;2006;109500
60;92;12003;8;5;2009;2010;84;0;0;774;774;774;1194;0;1968;0;0;2;1;4;1;8;1;2009;3;680;0;75;0;0;0;0;0;5;2010;269500
60;100;12552;7;5;2004;2005;0;222;0;769;991;991;956;0;1947;0;0;2;1;3;1;8;1;2004;2;678;0;136;0;0;0;0;0;5;2010;254900
60;134;19378;7;5;2005;2006;456;57;0;1335;1392;1392;1070;0;2462;1;0;2;1;4;1;9;1;2006;2;576;239;132;0;168;0;0;0;3;2006;320000
20;NA;11120;6;6;1984;1984;0;660;0;572;1232;1232;0;0;1232;0;0;2;0;3;1;6;0;1984;2;516;0;0;0;0;0;0;0;6;2008;162500
60;110;13688;9;5;2003;2004;664;1016;0;556;1572;1572;1096;0;2668;1;0;2;1;3;1;10;2;2003;3;726;400;0;0;0;0;0;0;3;2008;412500
20;95;12182;7;5;2005;2005;226;1201;0;340;1541;1541;0;0;1541;0;0;2;0;3;1;7;1;2005;2;532;0;70;0;0;0;0;0;5;2010;220000
45;55;5500;4;6;1956;1956;0;0;0;882;882;882;0;0;882;0;0;1;0;1;1;4;0;NA;0;0;0;0;0;0;0;0;0;4;2007;103200
40;40;5400;6;7;1926;2004;0;370;0;779;1149;1149;467;0;1616;0;0;2;0;3;1;5;0;1926;1;216;0;0;183;0;0;0;0;10;2007;152000
190;62;10106;5;7;1940;1999;0;351;181;112;644;808;547;0;1355;1;0;2;0;4;2;6;0;NA;0;0;140;0;0;0;0;0;0;9;2008;127500
20;NA;10708;5;5;1955;1993;0;379;768;470;1617;1867;0;0;1867;1;0;1;0;2;1;7;3;1955;1;303;476;0;0;0;142;0;0;11;2009;190000
60;86;10562;8;5;2007;2007;300;1288;0;294;1582;1610;551;0;2161;1;0;1;1;3;1;8;1;2007;3;789;178;120;0;0;0;0;0;11;2007;325624
60;62;8244;7;5;2004;2004;0;0;0;840;840;840;880;0;1720;0;0;2;1;3;1;7;1;2004;2;440;100;48;0;0;0;0;0;5;2007;183500
20;NA;16669;8;6;1981;1981;653;0;0;1686;1686;1707;0;0;1707;0;0;2;1;2;1;6;1;1981;2;511;574;64;0;0;0;0;0;1;2006;228000
50;NA;12358;5;6;1941;1950;0;360;0;360;720;854;0;528;1382;0;0;1;1;2;1;7;0;1991;2;660;237;0;0;0;0;0;0;5;2007;128500
20;141;31770;6;5;1960;1960;112;639;0;441;1080;1656;0;0;1656;1;0;1;0;3;1;7;2;1960;2;528;210;62;0;0;0;0;0;5;2010;215000
160;44;5306;7;7;1987;1987;0;495;215;354;1064;1064;703;0;1767;1;0;2;0;2;1;5;1;1987;2;504;441;35;0;0;0;0;0;6;2006;239000
20;80;10197;6;5;1961;1961;491;288;374;700;1362;1362;0;0;1362;1;0;1;1;3;1;6;1;1961;2;504;0;20;0;0;0;0;0;6;2008;163000
20;47;12416;6;5;1986;1986;132;1398;208;0;1606;1651;0;0;1651;1;0;2;0;3;1;7;1;1986;2;616;192;0;0;0;0;0;0;11;2008;184000
20;84;12615;6;7;1950;2001;0;477;0;725;1202;2158;0;0;2158;1;0;2;0;4;1;7;1;1950;2;576;0;29;39;0;0;0;0;6;2007;243000
60;97;10029;6;5;1988;1989;268;831;0;320;1151;1164;896;0;2060;0;1;2;1;4;1;8;1;1988;2;521;0;228;0;0;192;0;0;9;2007;211000
50;NA;13650;5;5;1958;1958;0;57;441;554;1052;1252;668;0;1920;1;0;2;0;4;1;8;1;1958;2;451;0;0;0;0;0;0;0;7;2006;172500
20;63;17423;9;5;2008;2009;748;1904;0;312;2216;2234;0;0;2234;1;0;2;0;1;1;9;1;2009;3;1166;0;60;0;0;0;0;0;7;2009;501837
30;60;8520;5;6;1923;2006;0;0;0;968;968;968;0;0;968;0;0;1;0;2;1;5;0;1935;2;480;0;0;184;0;0;0;0;7;2007;100000
160;NA;2117;6;5;2000;2000;456;436;0;320;756;769;756;0;1525;0;0;2;1;3;1;5;1;2000;2;440;0;0;0;0;0;0;0;6;2007;177000
70;54;7588;7;6;1920;1950;0;352;0;441;793;901;901;0;1802;0;0;1;1;4;1;9;1;1920;1;216;0;0;40;0;0;0;0;7;2006;200100
20;60;9060;5;6;1957;2006;98;0;0;0;0;1340;0;0;1340;0;0;1;0;3;1;7;1;1957;1;252;116;0;0;180;0;0;0;6;2007;120000
50;63;11426;7;5;2003;2003;0;0;0;1362;1362;1362;720;0;2082;0;0;2;1;3;1;6;0;2003;2;484;280;238;0;0;0;0;0;6;2008;200000
50;92;7438;5;8;1908;1991;0;0;0;504;504;936;316;0;1252;0;0;1;0;3;1;5;0;1986;2;576;104;0;0;0;0;0;0;6;2006;127000
75;90;22950;10;9;1892;1993;0;0;0;1107;1107;1518;1518;572;3608;0;0;2;1;4;1;12;2;1993;3;840;0;260;0;0;410;0;0;6;2006;475000
80;NA;9947;7;5;1990;1991;0;611;0;577;1188;1217;0;0;1217;1;0;2;0;3;1;6;0;1990;2;497;168;27;0;0;0;0;0;6;2009;173000
50;60;10410;5;7;1916;1987;0;0;0;660;660;808;704;144;1656;0;0;2;1;3;1;8;0;1916;1;180;0;0;0;140;0;0;0;8;2009;135000
90;64;7018;5;5;1979;1979;275;1086;0;0;1086;1224;0;0;1224;2;0;0;2;2;2;6;2;1979;2;528;120;0;0;0;0;0;0;6;2009;153337
120;41;4923;8;5;2001;2002;0;1153;0;440;1593;1593;0;0;1593;1;0;1;1;0;1;5;1;2001;2;682;0;120;0;0;224;0;0;8;2008;286000
70;70;10570;8;8;1932;1994;0;297;0;556;853;1549;1178;0;2727;0;0;2;1;3;1;10;2;1932;2;440;0;74;0;0;0;0;0;12;2007;315000
60;NA;7472;7;9;1972;2004;138;626;0;99;725;725;754;0;1479;1;0;1;1;4;1;7;0;1972;2;484;0;32;0;0;0;0;0;6;2007;184000
20;68;9017;7;5;1999;1999;0;560;0;871;1431;1431;0;0;1431;1;0;2;0;3;1;6;0;1999;2;666;0;35;0;0;0;0;0;9;2009;192000
160;24;2522;7;5;2004;2004;50;0;0;970;970;970;739;0;1709;0;0;2;0;3;1;7;0;2004;2;380;0;40;0;0;0;0;0;5;2006;130000
20;60;7180;5;7;1972;1972;0;390;0;474;864;864;0;0;864;0;0;1;0;3;1;5;0;1989;1;352;0;0;0;0;0;0;0;5;2008;127000
160;24;2280;6;6;1976;1976;0;566;0;289;855;855;601;0;1456;0;0;2;1;3;1;7;1;1976;2;440;87;0;0;0;0;0;0;7;2009;148500
20;79;9416;7;5;2007;2007;205;1126;0;600;1726;1726;0;0;1726;1;0;2;0;3;1;8;1;2007;3;786;171;138;0;0;266;0;0;9;2007;311872
75;174;25419;8;4;1918;1990;0;1036;184;140;1360;1360;1360;392;3112;1;1;2;0;4;1;8;1;1918;2;795;0;16;552;0;0;512;0;3;2006;235000
75;92;5520;6;6;1912;1950;0;0;0;755;755;929;929;371;2229;0;0;1;0;5;1;8;0;NA;0;0;0;198;30;0;0;0;0;7;2009;104000
20;76;9591;8;5;2004;2005;262;1088;0;625;1713;1713;0;0;1713;1;0;2;0;3;1;7;1;2004;3;856;0;26;0;0;170;0;0;1;2009;274900
20;80;8546;4;5;2003;2004;0;0;0;1121;1121;1121;0;0;1121;0;0;2;0;2;1;5;0;2003;2;440;132;64;0;0;0;0;0;3;2010;140000
20;75;10125;6;6;1977;1977;0;641;279;276;1196;1279;0;0;1279;0;1;2;0;3;1;6;2;1980;2;473;238;83;0;0;0;0;0;2;2008;171500
50;50;7000;6;6;1924;1950;0;617;0;0;617;865;445;0;1310;0;0;2;0;2;1;6;0;1924;1;398;0;0;126;0;0;0;0;5;2006;112000
120;NA;4438;6;5;2004;2004;205;662;0;186;848;848;0;0;848;1;0;1;0;1;1;3;1;2004;2;420;149;0;0;0;0;0;0;1;2008;149000
50;50;3500;5;7;1947;1950;0;312;0;408;720;720;564;0;1284;0;0;1;1;2;1;5;0;1948;1;240;0;35;0;0;0;0;0;4;2009;110000
20;99;11851;7;5;1990;1990;0;0;0;1424;1424;1442;0;0;1442;0;0;2;0;3;1;5;0;1990;2;500;0;34;0;508;0;0;0;5;2009;180500
20;40;13673;5;5;1962;1962;0;0;0;1140;1140;1696;0;0;1696;0;0;1;1;3;1;8;1;1962;1;349;0;30;0;0;0;0;0;3;2007;143900
20;NA;12493;4;5;1960;1960;0;419;306;375;1100;1100;0;0;1100;1;0;1;0;3;1;6;1;1960;1;312;355;0;0;0;0;0;0;4;2008;141000
60;NA;14364;7;5;1988;1989;128;1065;0;92;1157;1180;882;0;2062;1;0;2;1;3;1;7;1;1988;2;454;60;55;0;0;154;0;0;4;2007;277000
20;75;8250;6;7;1964;1964;260;787;0;305;1092;1092;0;0;1092;1;0;1;0;3;1;6;0;1964;2;504;0;0;0;0;0;0;0;7;2008;145000
30;67;5604;5;6;1925;1950;0;468;0;396;864;864;0;0;864;1;0;1;0;2;1;5;0;NA;0;0;0;0;96;0;0;0;0;4;2008;98000
20;83;10420;6;5;2009;2009;0;36;0;1176;1212;1212;0;0;1212;0;0;2;0;3;1;6;0;2009;2;460;100;22;0;0;0;0;0;3;2010;186000
60;72;8640;7;5;2009;2009;0;822;0;78;900;932;920;0;1852;1;0;2;1;3;1;7;1;2009;2;644;168;108;0;0;0;0;0;7;2009;252678
20;43;13568;5;5;1995;1995;0;716;0;274;990;990;0;0;990;0;1;1;0;3;1;5;0;1996;2;576;224;0;0;0;0;0;0;7;2006;156000
60;NA;10900;6;7;1977;1977;153;378;0;311;689;689;703;0;1392;0;0;1;1;3;1;6;0;1977;1;299;0;36;0;0;0;0;450;3;2010;161750
20;72;10011;5;6;1957;1996;64;360;0;710;1070;1236;0;0;1236;0;1;1;0;2;1;6;1;1957;1;447;0;0;0;0;0;0;0;5;2006;134450
20;65;8450;7;5;2004;2004;266;946;0;490;1436;1436;0;0;1436;1;0;2;0;3;1;8;0;2004;2;484;139;98;0;0;0;0;0;4;2008;210000
70;57;9906;4;4;1925;1950;0;0;0;686;686;810;518;0;1328;0;0;1;0;3;1;8;0;1940;1;210;0;172;60;0;0;0;0;9;2006;107000
50;NA;15660;7;9;1939;2006;312;341;0;457;798;1137;817;0;1954;0;1;1;1;3;1;8;2;1939;2;431;0;119;150;0;0;0;0;5;2008;311500
120;43;3010;7;5;2005;2006;16;16;0;1232;1248;1248;0;0;1248;0;0;2;0;2;1;5;0;2005;2;438;108;0;0;0;0;0;0;3;2006;167240
20;73;8990;7;5;2006;2006;0;0;0;1498;1498;1498;0;0;1498;0;0;2;0;2;1;5;0;2006;2;675;351;33;0;0;0;0;0;4;2006;204900
60;NA;8068;6;5;2002;2002;0;0;0;1010;1010;1010;1257;0;2267;0;0;2;1;4;1;8;1;2002;2;390;120;46;0;0;0;0;0;12;2009;200000
60;85;11475;6;6;1975;1975;0;550;0;163;713;811;741;0;1552;1;0;2;1;3;1;6;1;1975;2;434;209;208;0;0;0;0;0;2;2006;179900
20;70;10500;4;6;1971;1971;0;524;180;160;864;864;0;0;864;0;0;1;0;2;1;4;0;1989;2;576;216;0;0;0;0;0;0;3;2009;97000
20;103;13472;10;5;2003;2003;922;56;0;2336;2392;2392;0;0;2392;0;0;2;0;3;1;8;1;2003;3;968;248;105;0;0;0;0;0;6;2009;386250
160;21;1680;5;5;1971;1971;142;0;0;630;630;630;672;0;1302;0;0;2;1;3;1;6;0;1991;1;280;0;0;0;0;0;0;0;5;2009;112000
60;82;9950;7;5;1995;1995;290;565;0;638;1203;1214;1306;0;2520;0;0;2;1;4;1;9;1;1995;3;721;224;114;0;0;0;0;0;6;2007;290000
160;21;1869;6;6;1970;1970;127;321;0;162;483;483;504;0;987;0;0;1;1;2;1;5;0;1987;1;280;0;0;0;0;0;0;0;9;2008;106000
20;70;8521;5;5;1967;1967;0;842;0;70;912;912;0;0;912;0;0;1;0;3;1;5;1;1974;1;336;0;0;0;0;0;0;0;5;2010;125000
120;43;3182;7;5;2005;2006;16;16;0;1357;1373;1555;0;0;1555;0;0;2;0;2;1;7;1;2005;2;430;143;20;0;0;0;0;0;5;2009;192500
20;73;8760;6;6;1959;1959;220;0;0;1194;1194;1194;0;0;1194;1;0;1;0;3;1;6;0;1959;1;312;0;0;120;0;0;0;0;4;2010;148000
60;174;15138;8;5;1995;1996;506;689;0;773;1462;1490;1304;0;2794;1;0;2;1;4;1;9;1;1995;3;810;0;146;202;0;0;0;0;7;2009;403000
160;21;1680;6;5;1972;1972;297;0;0;483;483;483;504;0;987;0;0;1;1;2;1;5;1;1972;1;288;0;0;0;0;0;0;0;6;2006;94500
20;75;10650;5;6;1976;1976;0;182;712;0;894;894;0;0;894;1;0;1;0;3;1;5;0;1976;1;308;365;0;0;0;0;0;0;2;2010;128200
60;NA;7851;6;5;2002;2002;NA;625;0;235;860;860;1100;0;1960;1;0;2;1;4;1;8;2;2002;2;440;288;48;0;0;0;0;0;5;2010;216500
160;21;1680;6;3;1971;1971;604;358;0;125;483;483;504;0;987;0;0;1;1;2;1;5;0;1971;1;264;0;0;0;0;0;0;0;8;2008;89500
20;65;8773;7;5;2004;2004;98;24;0;1390;1414;1414;0;0;1414;0;0;2;0;3;1;6;0;2004;2;494;132;105;0;0;0;0;0;5;2010;185500
60;NA;9453;7;7;1993;2003;0;402;0;594;996;1014;730;0;1744;0;0;2;1;3;1;7;0;1993;2;457;370;70;0;238;0;0;0;2;2010;194500
20;93;12030;8;5;2007;2007;254;0;0;1694;1694;1694;0;0;1694;0;0;2;0;3;1;7;0;2007;3;818;168;228;0;0;0;0;0;12;2007;318000
50;52;8741;6;4;1945;1950;0;94;0;641;735;798;689;0;1487;0;0;1;1;3;1;7;1;1949;1;220;0;140;0;0;0;0;0;4;2010;113000
20;75;9000;8;5;2008;2008;36;1078;0;488;1566;1566;0;0;1566;1;0;2;0;3;1;7;0;2008;2;750;144;168;0;0;0;0;0;4;2010;262500
30;40;3880;5;9;1945;1997;0;329;0;357;686;866;0;0;866;0;0;1;0;2;1;4;0;NA;0;0;58;42;0;0;0;0;0;8;2007;110500
50;63;5000;5;4;1900;1950;0;0;0;540;540;889;551;0;1440;0;0;1;0;3;1;6;0;1940;1;352;0;0;77;0;0;0;0;4;2006;79000
160;75;10762;6;6;1980;1980;0;0;0;626;626;626;591;0;1217;0;0;1;1;3;1;6;1;1980;1;288;0;28;0;0;0;0;0;4;2009;120000
60;NA;8880;7;5;1994;2002;0;695;0;253;948;1222;888;0;2110;1;0;2;1;3;1;8;2;1994;2;463;0;130;0;0;0;0;0;5;2010;205000
20;80;10400;7;5;1988;1988;102;929;0;916;1845;1872;0;0;1872;0;1;2;0;3;1;6;1;1988;2;604;197;39;0;0;0;0;0;6;2006;241500
190;69;9142;6;8;1910;1950;0;0;0;1020;1020;908;1020;0;1928;0;0;2;0;4;2;9;0;1910;1;440;0;60;112;0;0;0;0;4;2006;137000
20;75;11310;6;5;1954;1954;0;0;0;1367;1367;1375;0;0;1375;0;0;1;0;2;1;5;1;1954;2;451;0;30;0;0;0;0;0;6;2006;140000
60;72;11317;7;5;2003;2003;101;0;0;840;840;840;828;0;1668;0;0;2;1;3;1;8;0;2003;2;500;144;68;0;0;0;0;0;9;2007;180000
50;NA;159000;6;7;1958;2006;472;697;0;747;1444;1444;700;0;2144;0;1;2;0;4;1;7;2;1958;2;389;0;98;0;0;0;0;500;6;2007;277000
30;55;5350;3;2;1940;1966;0;0;0;728;728;1306;0;0;1306;0;0;1;0;3;1;6;0;NA;0;0;263;0;0;0;0;0;450;5;2010;76500
120;44;4750;8;5;2006;2007;481;1573;0;0;1573;1625;0;0;1625;1;1;2;0;2;1;5;1;2006;2;538;123;0;0;0;153;0;0;12;2007;235000
60;65;8366;6;5;2004;2004;0;0;0;798;798;798;842;0;1640;0;0;2;1;3;1;6;0;2004;2;520;138;45;0;0;0;0;0;12;2008;173000
80;85;9350;6;7;1964;1991;108;270;580;452;1302;1302;0;0;1302;0;1;2;0;3;1;7;0;1964;1;309;333;0;0;0;0;0;0;10;2007;158000
20;70;8400;5;6;1957;1957;0;922;0;392;1314;1314;0;0;1314;1;0;1;0;3;1;5;0;1957;1;294;250;0;0;0;0;0;0;6;2010;145000
60;66;8738;7;5;1999;1999;302;0;0;975;975;1005;1286;0;2291;0;0;2;1;4;1;8;1;1999;2;429;192;0;0;0;0;0;0;2;2006;230000
60;64;8791;6;5;2003;2003;0;503;0;361;864;864;864;0;1728;0;0;2;1;3;1;7;0;2003;2;673;216;56;0;0;0;0;0;5;2008;207500
20;68;8814;7;5;2006;2006;180;1334;0;270;1604;1604;0;0;1604;1;0;2;1;3;1;8;1;2006;2;660;123;110;0;0;0;0;0;3;2009;220000
60;80;12435;7;5;2001;2001;172;361;0;602;963;963;829;0;1792;0;0;2;1;3;1;7;1;2001;2;564;0;96;0;245;0;0;0;5;2008;231500
20;70;12702;5;5;1956;1956;0;0;0;0;0;882;0;0;882;0;0;1;0;2;1;4;0;1956;1;308;0;45;0;0;0;0;0;12;2008;97000
80;120;19296;6;5;1962;1962;399;672;690;0;1362;1382;0;0;1382;1;0;1;0;3;1;6;1;1991;2;884;0;0;252;0;0;0;0;5;2009;176000
60;69;9588;8;5;2007;2007;270;0;0;1482;1482;1482;1092;0;2574;0;0;2;1;3;1;10;1;2007;3;868;0;148;0;0;0;0;0;11;2007;276000
80;88;8471;6;7;1977;1995;46;506;0;0;506;1212;0;0;1212;1;0;1;0;3;1;6;1;1978;2;492;292;12;0;0;0;0;0;7;2006;151000
50;50;5500;5;7;1929;2001;0;234;692;0;926;926;0;390;1316;1;0;1;0;3;1;6;0;1974;2;484;0;0;0;0;0;0;0;4;2010;130000
30;30;5232;5;5;1925;2004;0;0;0;680;680;764;0;0;764;0;0;1;0;2;1;4;0;1965;2;504;0;0;0;0;0;0;0;6;2008;73000
20;78;12090;6;6;1981;1981;210;588;228;606;1422;1422;0;0;1422;0;0;2;0;3;1;7;1;1981;2;576;276;0;0;0;0;0;0;6;2008;175500
60;70;11207;6;5;1997;1997;0;714;0;88;802;802;709;0;1511;1;0;2;1;3;1;8;1;1997;2;413;95;75;0;0;0;0;0;6;2006;185000
75;60;8400;5;8;1939;1997;0;378;0;342;720;1052;720;420;2192;0;0;2;1;4;1;8;1;1939;1;240;262;24;0;0;0;0;0;7;2008;179500
30;71;6900;5;6;1940;1955;0;403;125;212;740;778;0;0;778;0;0;1;0;2;1;4;1;1966;1;924;0;25;0;0;0;0;0;2;2008;120500
20;NA;7917;6;7;1976;1976;174;751;0;392;1143;1113;0;0;1113;1;0;1;1;3;1;6;1;1987;1;504;370;30;0;0;0;0;0;5;2007;148000
60;84;10728;8;5;2006;2006;0;0;0;1095;1095;1095;844;0;1939;0;0;2;1;3;1;8;1;2006;3;1053;192;51;0;0;0;0;0;8;2006;266000
20;73;39104;7;7;1954;2005;0;226;1063;96;1385;1363;0;0;1363;1;0;1;0;2;1;5;2;1954;2;439;81;0;0;0;0;0;0;4;2008;241500
60;92;11764;8;7;1999;2007;348;524;0;628;1152;1164;1106;0;2270;0;0;2;1;4;1;9;1;1999;3;671;132;57;0;0;0;0;0;4;2010;290000
20;80;9600;6;6;1958;1988;183;620;620;0;1240;1632;0;0;1632;1;0;2;0;3;1;6;1;1958;1;338;289;0;0;0;0;0;0;4;2009;139000
20;76;8314;5;7;1982;1982;0;546;0;270;816;816;0;0;816;0;0;1;0;2;1;5;0;1982;1;264;168;0;0;0;0;0;0;6;2007;124500
50;55;7264;7;7;1925;2007;0;0;0;952;952;952;596;0;1548;0;0;2;1;3;1;5;0;1978;2;672;74;0;0;0;144;0;0;10;2009;205000
20;129;9196;7;5;2003;2003;0;0;0;1560;1560;1560;0;0;1560;0;0;2;0;3;1;7;0;2003;2;573;100;150;0;0;0;0;0;4;2010;201000
20;140;19138;4;5;1951;1951;0;120;0;744;864;864;0;0;864;0;0;1;0;2;1;4;0;1951;2;400;0;0;0;0;0;0;0;6;2010;141000
20;107;14450;9;5;2006;2007;315;0;0;2121;2121;2121;0;0;2121;0;0;2;1;3;1;8;1;2007;3;732;124;98;0;0;142;0;0;5;2007;415298
60;83;10005;7;5;1977;1977;299;392;0;768;1160;1156;866;0;2022;0;0;2;1;4;1;8;1;1977;2;505;288;117;0;0;0;0;0;3;2008;192000
60;82;11287;7;6;1989;1989;340;421;0;386;807;1175;807;0;1982;0;0;2;1;3;1;7;1;1989;2;575;0;84;0;196;0;0;0;1;2007;228500
20;60;7200;6;5;2006;2006;68;905;0;357;1262;1262;0;0;1262;0;0;2;0;2;1;5;0;2006;2;572;0;120;0;0;0;0;0;5;2006;185000
120;34;5063;7;5;2007;2008;166;904;0;410;1314;1314;0;0;1314;1;0;2;0;2;1;6;1;2008;2;626;172;62;0;0;0;0;0;4;2009;207500
20;74;9612;8;5;2008;2009;72;0;0;1468;1468;1468;0;0;1468;0;0;2;0;3;1;6;1;2008;3;898;210;150;0;0;0;0;0;12;2009;244600
120;50;8012;6;5;1992;1992;0;430;0;1145;1575;1575;0;0;1575;1;0;2;0;2;1;5;0;1992;2;529;0;0;52;0;0;0;0;7;2007;179200
160;35;4251;7;5;2006;2007;0;0;0;625;625;625;625;0;1250;0;0;2;1;2;1;5;0;2006;2;528;0;54;0;0;0;0;0;6;2007;164700
50;77;9786;6;7;1962;1981;0;600;0;312;912;1085;649;0;1734;0;0;1;1;3;1;7;1;1962;2;440;0;0;0;0;128;0;0;6;2006;159000
20;NA;8125;4;4;1971;1971;0;614;0;244;858;858;0;0;858;0;0;1;0;3;1;5;0;NA;0;0;0;0;0;0;0;0;0;6;2006;88000
20;NA;9819;5;5;1967;1967;31;450;0;432;882;900;0;0;900;0;0;1;0;3;1;5;0;1970;1;280;0;0;0;0;0;0;0;2;2010;122000
70;60;8730;6;7;1915;2003;0;0;0;698;698;698;698;0;1396;0;0;1;0;3;1;7;0;2003;1;384;0;0;0;0;259;0;0;7;2007;153575
60;120;15611;8;5;2006;2006;0;0;0;1079;1079;1079;840;0;1919;0;0;2;1;3;1;8;1;2006;2;685;0;51;0;0;0;0;0;7;2006;233230
190;55;5687;5;6;1912;2000;0;210;0;570;780;936;780;0;1716;1;0;2;0;6;1;9;0;NA;0;0;0;184;0;0;0;0;0;3;2008;135900
50;60;11409;5;4;1949;2008;0;292;0;476;768;1148;568;0;1716;0;0;1;1;3;1;8;1;1949;1;281;0;0;0;0;160;0;0;1;2009;131000
60;NA;16659;7;7;1977;1994;34;795;0;0;795;1468;795;0;2263;1;0;2;1;3;1;9;1;1977;2;539;0;250;0;0;0;0;0;3;2006;235000
20;80;9600;6;5;1953;1953;238;1285;0;131;1416;1644;0;0;1644;1;0;1;0;3;1;7;2;1953;2;418;110;0;0;0;0;0;0;10;2009;167000
80;37;7937;6;6;1984;1984;0;819;0;184;1003;1003;0;0;1003;1;0;1;0;3;1;6;0;1984;2;588;120;0;0;0;0;0;0;3;2006;142500
50;75;13710;5;5;1950;1950;0;420;0;490;910;910;648;0;1558;0;0;1;1;4;1;6;0;1950;1;282;289;0;0;0;0;0;0;6;2007;152000
60;66;7399;7;5;1997;1998;1600;649;0;326;975;975;975;0;1950;0;0;2;1;3;1;7;1;1997;2;576;0;10;0;0;198;0;0;6;2007;239000
60;90;11700;6;6;1968;1968;365;384;175;143;702;1041;702;0;1743;0;1;1;2;3;1;7;1;1968;2;539;224;0;0;0;0;0;0;6;2007;175000
20;80;14000;6;8;1950;2004;0;0;0;1092;1092;1152;0;0;1152;0;1;1;0;3;1;6;1;1950;1;300;0;36;0;0;0;0;0;8;2009;158500
190;90;15750;5;5;1953;1953;56;841;0;324;1165;1336;0;0;1336;1;0;1;0;2;1;5;2;1953;1;375;0;0;0;0;0;0;0;6;2006;157000
60;66;16226;8;5;1998;1999;0;281;0;747;1028;1210;1242;0;2452;0;0;2;1;4;1;9;1;1998;2;683;208;50;0;0;0;0;0;5;2007;267000
20;118;13704;7;5;2001;2002;150;0;0;1541;1541;1541;0;0;1541;0;0;2;0;3;1;6;1;2001;3;843;468;81;0;0;0;0;0;1;2006;205000
20;70;9800;5;7;1972;1972;0;894;0;0;894;894;0;0;894;1;0;1;0;3;1;5;0;1975;2;552;256;0;0;0;0;0;0;7;2006;149900
75;87;18386;7;9;1880;2002;0;0;0;1470;1470;1675;1818;0;3493;0;0;3;0;3;1;10;1;2003;3;870;302;0;0;0;0;0;0;5;2008;295000
20;80;10386;8;5;2004;2005;246;1464;0;536;2000;2000;0;0;2000;1;0;2;0;3;1;8;0;2004;3;888;168;0;0;0;0;0;0;7;2007;305900
60;116;13474;7;5;1990;1991;246;700;0;0;700;1122;1121;0;2243;1;0;2;1;4;1;8;1;1990;3;746;127;44;224;0;0;0;0;6;2007;225000
50;NA;7920;6;7;1920;1950;0;0;0;319;319;1035;371;0;1406;0;0;1;0;3;1;6;0;NA;0;0;0;144;0;0;0;0;0;3;2008;89500
30;NA;12342;4;5;1940;1950;0;262;0;599;861;861;0;0;861;0;0;1;0;1;1;4;0;1961;2;539;158;0;0;0;0;0;0;3;2009;82500
20;90;12378;9;5;2003;2004;0;1274;0;622;1896;1944;0;0;1944;1;0;2;0;3;1;8;3;2003;3;708;208;175;0;0;0;0;0;11;2006;360000
60;NA;7685;6;5;1993;1994;112;518;0;179;697;697;804;0;1501;0;0;2;1;3;1;6;1;1993;2;420;190;63;0;0;0;0;0;5;2006;165600
20;50;8000;6;6;1948;2002;0;680;0;292;972;972;0;0;972;1;0;1;0;2;1;5;1;1948;1;240;0;0;0;0;0;0;0;5;2009;132000
190;65;7800;5;7;1939;1950;0;507;0;286;793;793;325;0;1118;1;0;1;0;3;1;5;1;1939;2;410;0;0;0;0;271;0;0;5;2006;119900
20;150;215245;7;5;1965;1965;0;1236;820;80;2136;2036;0;0;2036;2;0;2;0;3;1;8;2;1965;2;513;0;0;0;0;0;0;0;6;2009;375000
70;60;9600;7;7;1925;1990;0;16;0;712;728;832;809;0;1641;0;1;1;1;3;1;6;1;1925;2;546;0;0;234;0;0;0;0;8;2006;178000
60;71;7795;7;5;2004;2005;0;425;0;291;716;716;716;0;1432;1;0;2;1;3;1;6;1;2004;2;432;100;51;0;0;0;0;0;7;2009;188500
60;94;13005;7;7;1980;1980;278;692;0;153;845;1153;1200;0;2353;1;0;2;1;4;1;10;1;1983;2;484;288;195;0;0;0;0;0;8;2009;260000
60;75;9000;8;5;2006;2006;0;0;0;1088;1088;1088;871;0;1959;0;0;2;1;3;1;8;1;2006;3;1025;208;46;0;0;0;0;0;12;2007;270000
60;90;9900;7;5;1993;1993;256;987;0;360;1347;1372;1274;0;2646;1;0;2;1;4;1;9;1;1993;3;656;340;60;144;0;0;0;0;4;2009;260000
80;NA;14115;7;5;1980;1980;225;1036;0;336;1372;1472;0;0;1472;1;0;2;0;3;1;6;2;1980;2;588;233;48;0;0;0;0;0;6;2009;187500
60;111;16259;9;5;2006;2006;370;0;0;1249;1249;1249;1347;0;2596;0;0;3;1;4;1;9;0;2006;3;840;240;154;0;0;0;0;0;9;2006;342643
60;99;12099;8;5;2004;2004;388;970;0;166;1136;1136;1332;0;2468;1;0;2;1;4;1;10;1;2004;3;872;184;154;0;0;0;0;0;6;2007;354000
60;86;10380;7;5;1986;1987;172;28;1474;0;1502;1553;1177;0;2730;1;0;2;1;4;1;8;1;1987;2;576;201;96;0;0;0;0;0;8;2007;301000
20;49;5820;3;8;1955;2005;0;256;0;906;1162;1163;0;0;1163;1;0;1;0;3;1;6;0;1955;1;220;142;98;0;0;0;0;0;7;2006;126175
80;96;11275;7;7;1967;2007;300;0;0;710;710;1898;1080;0;2978;0;0;2;1;5;1;11;1;1961;2;564;240;0;0;0;0;0;0;6;2010;242000
45;50;5000;5;6;1941;1950;0;116;0;604;720;803;0;0;803;0;0;1;0;2;1;5;0;1941;2;360;0;0;244;0;0;0;0;12;2007;87000
120;32;10846;8;5;1993;1993;0;1619;0;100;1719;1719;0;0;1719;2;0;1;1;1;1;6;2;1993;2;473;122;30;0;0;0;0;0;5;2008;324000
20;80;11600;6;5;1960;1960;175;565;0;818;1383;1383;0;0;1383;0;0;1;1;3;1;7;0;1960;1;292;0;45;0;0;0;0;0;4;2006;145250
75;NA;11888;6;6;1916;1994;0;0;0;844;844;1445;689;0;2134;0;0;2;0;5;1;10;0;1930;2;441;0;60;268;0;0;0;0;7;2009;214500
70;60;6402;5;5;1920;1950;0;0;0;596;596;596;596;0;1192;0;0;1;0;3;1;6;0;1920;1;189;0;0;137;0;0;0;0;7;2009;78000
90;NA;10624;5;4;1964;1964;84;40;264;1424;1728;1728;0;0;1728;0;1;2;0;6;2;10;0;2002;1;352;155;0;0;0;0;0;0;11;2007;119000
20;70;8176;5;6;1958;1992;0;846;0;210;1056;1056;0;0;1056;1;0;1;0;3;1;6;0;1958;1;308;0;0;0;0;0;0;0;8;2007;139000
20;85;10655;8;5;2003;2004;296;1124;479;1603;3206;1629;0;0;1629;1;0;2;0;3;1;7;1;2003;3;880;0;0;0;0;0;0;0;10;2009;284000
120;59;8198;7;5;2004;2004;146;720;0;638;1358;1358;0;0;1358;1;0;2;0;2;1;6;1;2004;2;484;192;30;0;0;0;0;0;7;2008;207000
60;59;9042;6;5;1998;1998;0;828;0;115;943;943;695;0;1638;1;0;2;1;3;1;7;2;1998;2;472;100;38;0;0;0;0;0;7;2008;192000
190;NA;164660;5;6;1965;1965;0;1249;147;103;1499;1619;167;0;1786;2;0;2;0;3;1;7;2;1965;2;529;670;0;0;0;0;0;700;8;2008;228950
20;86;14157;9;5;2005;2006;200;1249;0;673;1922;1922;0;0;1922;1;0;2;0;3;1;8;1;2005;3;676;178;51;0;0;0;0;0;7;2007;377426
20;70;9135;7;5;2002;2003;113;810;0;726;1536;1536;0;0;1536;1;0;2;0;3;1;7;0;2002;2;532;192;74;0;0;0;0;0;12;2008;214000
20;91;14145;7;7;1984;1998;0;213;0;995;1208;1621;0;0;1621;1;0;2;0;3;1;8;0;1984;2;440;108;45;0;0;0;0;400;5;2006;202500
20;66;12400;6;7;1958;1998;176;585;0;630;1215;1215;0;0;1215;0;0;1;0;3;1;6;0;1958;1;297;0;0;0;0;234;0;0;6;2009;155000
60;85;14191;8;5;2002;2002;0;0;0;967;967;993;915;0;1908;0;0;2;1;4;1;9;0;2002;2;431;135;0;0;0;0;0;0;4;2010;202900
20;60;8400;4;4;1950;1950;0;0;0;721;721;841;0;0;841;0;0;1;0;2;1;4;0;1950;1;294;250;0;24;0;0;0;0;9;2009;82000
90;NA;8544;3;4;1949;1950;340;0;0;0;0;1040;0;0;1040;0;0;2;0;2;2;6;0;1949;2;400;0;0;0;0;0;0;0;5;2006;87500
120;63;8849;9;5;2005;2005;616;28;0;1656;1684;1684;0;0;1684;0;0;2;0;2;1;6;1;2005;2;564;495;72;0;0;0;0;0;7;2008;266000
160;36;2592;5;3;1976;1976;0;129;232;175;536;536;576;0;1112;0;0;1;1;3;1;4;0;1976;1;336;182;0;0;0;0;0;0;4;2010;85000
50;65;6435;6;5;1939;1950;0;0;0;972;972;972;605;0;1577;0;0;1;0;3;1;6;1;1939;1;312;0;0;0;0;0;0;0;10;2006;140200
20;NA;12772;6;8;1960;1998;0;498;0;460;958;958;0;0;958;0;0;1;0;2;1;5;0;1960;1;301;0;0;0;0;0;0;15500;4;2007;151500
20;NA;17600;6;5;1960;1960;30;1270;0;208;1478;1478;0;0;1478;1;0;2;0;3;1;6;2;1960;2;498;0;40;0;0;0;0;0;12;2009;157500
160;36;2448;7;5;2003;2004;106;573;0;191;764;764;862;0;1626;1;0;2;1;2;1;6;0;2003;2;474;0;27;0;0;0;0;0;10;2008;154000
60;56;20431;9;5;2005;2006;870;1410;0;438;1848;1848;880;0;2728;1;0;2;1;4;1;10;2;2006;3;706;0;0;0;0;0;0;0;4;2006;437154
120;68;7820;9;5;2007;2007;362;0;0;1869;1869;1869;0;0;1869;0;0;2;0;2;1;6;1;2007;2;617;210;54;0;0;0;0;0;12;2007;318061
120;NA;5271;7;5;1986;1986;0;1082;0;371;1453;1453;0;0;1453;1;0;1;1;2;1;6;1;1986;2;445;0;80;0;0;184;0;0;12;2006;190000
50;60;9084;5;6;1941;1950;0;236;380;0;616;616;495;0;1111;0;1;1;0;3;1;5;0;1941;1;200;48;0;0;0;0;0;0;3;2008;95000
30;60;8520;6;8;1928;2003;0;0;0;624;624;720;0;0;720;0;0;1;0;2;1;5;0;2005;2;484;106;0;0;0;0;0;0;5;2010;105900
50;60;8400;6;5;1940;2000;0;388;0;552;940;1192;403;0;1595;0;0;1;0;2;1;6;2;1940;1;240;0;0;108;0;0;0;0;6;2006;140000
20;105;11249;6;5;1995;1995;0;334;544;322;1200;1200;0;0;1200;1;0;2;0;3;1;6;0;1995;2;521;0;26;0;0;0;0;0;8;2007;177500
20;NA;9248;6;6;1992;1992;106;560;0;598;1158;1167;0;0;1167;1;0;2;0;3;1;6;0;1992;2;400;120;26;0;0;0;0;0;7;2009;173000
120;44;4224;5;5;1976;1976;0;874;0;268;1142;1142;0;0;1142;1;0;1;1;3;1;6;1;1976;2;528;536;90;0;0;0;0;0;8;2007;134000
80;92;6930;5;4;1958;1958;120;300;294;468;1062;1352;0;0;1352;0;1;1;0;3;1;6;0;1958;1;288;168;0;294;0;0;0;0;7;2006;130000
60;78;12011;8;5;1998;1998;530;956;0;130;1086;1086;838;0;1924;1;0;2;1;3;1;7;1;1998;2;592;208;75;0;0;374;0;0;6;2006;280000
85;NA;7540;6;6;1978;1978;0;773;0;115;888;912;0;0;912;1;0;1;0;2;1;5;1;1978;2;470;0;0;0;0;192;0;0;6;2007;156000
50;NA;9144;5;5;1940;1982;0;399;0;484;883;988;517;0;1505;1;0;1;0;3;1;8;0;1940;1;240;0;0;0;0;0;0;0;7;2008;145000
85;64;7301;7;5;2003;2003;500;0;0;0;0;495;1427;0;1922;0;0;3;0;4;1;7;1;2003;2;672;0;0;177;0;0;0;0;7;2009;198500
160;21;1680;6;8;1972;2007;510;162;0;321;483;483;504;0;987;0;0;1;1;2;1;5;0;1972;1;264;250;0;0;0;0;0;0;5;2009;118000
60;NA;18800;6;5;1976;1976;120;712;0;84;796;790;784;0;1574;1;0;2;1;3;1;6;1;1976;2;566;306;111;0;0;0;0;0;7;2006;190000
70;59;10690;5;7;1920;1997;0;456;0;216;672;672;672;0;1344;0;0;1;0;3;1;6;0;1964;1;468;0;128;218;0;0;0;0;7;2009;147000
20;NA;9500;6;5;1963;1963;247;609;0;785;1394;1394;0;0;1394;1;0;1;1;3;1;6;2;1963;2;514;0;76;0;0;185;0;0;7;2009;159000
80;101;9150;6;5;1962;1962;305;371;0;728;1099;1431;0;0;1431;0;1;1;0;3;1;6;1;1962;1;296;64;110;0;0;0;0;0;12;2008;165000
20;78;7800;5;6;1954;1954;200;540;0;728;1268;1268;0;0;1268;0;0;1;0;2;1;7;1;1954;1;244;0;98;0;0;0;0;0;3;2010;132000
20;NA;9830;5;7;1959;2006;0;72;258;733;1063;1287;0;0;1287;1;0;1;0;3;1;7;1;1997;2;576;364;17;0;0;182;0;0;3;2010;162000
60;NA;8121;6;5;2000;2000;0;0;0;953;953;953;711;0;1664;0;0;2;1;3;1;7;1;2000;2;460;100;40;0;0;0;0;0;1;2006;172400
50;80;17120;4;4;1959;1959;0;0;0;0;0;1120;468;0;1588;0;0;2;0;4;1;7;1;1991;2;680;0;59;0;0;0;0;0;7;2008;134432
120;50;7175;6;5;1984;1984;0;623;121;0;744;752;0;0;752;1;0;1;0;2;1;4;0;1984;1;264;353;0;0;0;90;0;0;2;2010;125000
20;79;10634;5;6;1953;1953;0;428;180;0;608;1319;0;0;1319;1;0;1;0;3;1;5;0;1953;1;270;66;0;0;0;0;0;0;11;2009;123000
60;65;8200;7;5;2003;2004;0;0;0;847;847;847;1081;0;1928;0;0;2;1;4;1;8;1;2003;2;434;100;48;0;0;0;0;0;7;2007;219500
30;NA;10020;1;1;1922;1950;0;350;0;333;683;904;0;0;904;1;0;0;1;1;1;4;0;NA;0;0;0;0;0;0;0;0;0;3;2009;61000
85;57;8846;5;5;1996;1996;0;298;0;572;870;914;0;0;914;0;0;1;0;2;1;5;0;1998;2;576;0;0;0;0;0;0;0;7;2006;148000
60;102;11143;8;5;2004;2005;0;0;0;1580;1580;1580;886;0;2466;0;0;3;0;4;1;8;1;2004;2;610;159;214;0;0;0;0;0;12;2007;340000
20;88;11394;9;2;2010;2010;350;1445;0;411;1856;1856;0;0;1856;1;0;1;1;1;1;8;1;2010;3;834;113;0;0;0;0;0;0;6;2010;394432
60;60;8123;6;5;2000;2000;16;0;0;982;982;1007;793;0;1800;0;0;2;1;3;1;7;1;2000;2;463;100;63;0;0;0;0;0;6;2009;179000
50;50;5000;5;6;1924;1950;0;218;0;808;1026;1026;665;0;1691;0;0;2;0;3;1;6;1;1924;1;308;0;0;242;0;0;0;0;5;2010;127000
20;60;7200;7;5;2006;2006;0;0;0;1293;1293;1301;0;0;1301;1;0;2;0;2;1;5;1;2006;2;572;216;121;0;0;0;0;0;8;2006;187750
60;79;9245;7;5;2006;2006;0;0;0;939;939;939;858;0;1797;0;0;2;1;3;1;8;0;2006;2;639;144;53;0;0;0;0;0;4;2007;213500
45;60;9000;6;3;1928;1950;0;0;0;784;784;784;0;0;784;0;0;1;0;2;1;5;0;1950;2;360;0;0;91;0;0;0;0;10;2009;76000
60;NA;53107;6;5;1992;1992;0;985;0;595;1580;1079;874;0;1953;1;0;2;1;3;1;9;2;1992;2;501;216;231;0;0;0;0;0;6;2007;240000
120;43;3182;8;5;2004;2005;16;24;0;1232;1256;1269;0;0;1269;0;0;2;0;2;1;6;1;2004;2;430;146;20;0;0;144;0;0;4;2010;192000
50;58;8410;5;3;1910;1996;0;0;0;658;658;658;526;0;1184;0;0;1;0;5;1;8;0;NA;0;0;0;151;0;0;0;0;0;5;2006;81000
80;72;7200;6;6;1976;1976;255;631;0;410;1041;1125;0;0;1125;1;0;1;0;3;1;6;1;1977;1;352;296;0;0;0;0;0;0;10;2009;125000
20;93;9382;7;5;1999;2000;125;0;0;1468;1468;1479;0;0;1479;0;0;2;0;3;1;6;0;1999;2;577;120;25;0;0;0;0;0;7;2008;191000
60;96;12474;10;5;2007;2008;272;1280;0;402;1682;1742;590;0;2332;1;0;2;1;3;1;9;1;2008;3;846;196;134;0;0;0;0;0;8;2008;426000
50;50;8405;5;8;1900;1950;0;241;391;229;861;961;406;0;1367;1;0;1;0;4;1;7;0;1978;1;384;0;130;112;0;0;0;0;4;2008;119000
60;71;12209;6;5;2001;2002;0;690;0;114;804;804;1157;0;1961;1;0;2;1;3;1;7;1;2001;2;560;125;192;0;0;0;0;0;6;2009;215000
20;NA;8339;5;7;1959;1959;0;0;0;0;0;882;0;0;882;0;0;1;0;3;1;5;0;1959;1;294;0;0;0;0;0;0;1200;7;2007;106500
30;NA;7446;4;5;1941;1950;0;266;0;522;788;788;0;0;788;0;0;1;0;2;1;4;2;NA;0;0;0;0;0;0;0;0;0;4;2006;100000
50;60;10134;5;6;1940;1950;0;0;0;735;735;735;299;0;1034;0;0;1;0;2;1;5;0;1940;1;240;0;39;0;0;0;0;0;7;2007;109000
20;68;9571;5;6;1956;1956;0;739;0;405;1144;1144;0;0;1144;1;0;1;0;3;1;6;0;1956;1;596;44;0;0;0;0;0;0;6;2010;129000
20;60;7200;5;5;1972;1972;0;777;0;117;894;894;0;0;894;0;0;1;0;2;1;6;0;1985;2;600;215;0;0;0;0;0;0;9;2009;123000
60;69;7590;5;5;1962;1962;288;540;0;324;864;876;936;0;1812;0;0;2;0;4;1;8;1;1962;1;264;0;168;0;0;0;0;0;7;2007;169500
30;60;8967;5;2;1920;1950;0;0;0;961;961;1077;0;0;1077;0;0;1;0;2;1;6;0;1920;1;338;0;0;0;0;0;0;0;11;2007;67000
60;65;8125;7;5;2006;2007;100;812;0;280;1092;1112;438;0;1550;1;0;2;0;2;1;7;0;2007;2;438;0;168;0;0;0;0;0;10;2009;241000
120;38;14963;8;5;1996;1996;0;786;0;474;1260;1288;0;0;1288;1;0;1;1;1;1;4;2;1996;2;500;120;30;0;0;224;0;0;12;2008;245500
20;65;8767;7;5;2005;2005;0;24;0;1286;1310;1310;0;0;1310;0;0;2;0;3;1;6;1;2005;2;400;0;0;0;0;0;0;0;7;2006;164990
30;60;10200;5;8;1940;1997;0;0;0;672;672;672;0;0;672;0;0;1;0;2;1;4;0;1940;1;240;168;0;0;0;0;0;0;8;2008;108000
60;93;12090;8;5;1998;1998;650;0;0;1141;1141;1165;1098;0;2263;0;0;2;1;4;1;10;1;1998;2;420;144;123;0;0;0;0;0;7;2006;258000
60;NA;10364;6;5;1995;1996;0;0;0;806;806;806;766;0;1572;0;0;2;1;3;1;7;1;1995;2;373;0;40;0;0;0;0;0;5;2007;168000
20;NA;9991;4;4;1976;1993;0;1116;0;165;1281;1620;0;0;1620;1;0;2;0;3;1;8;1;1993;2;490;120;78;0;0;0;0;0;6;2009;150000
50;51;10480;6;5;1936;1950;0;0;0;1064;1064;1166;0;473;1639;0;0;1;0;3;1;6;0;1936;1;240;0;0;0;0;0;0;0;3;2008;115000
70;63;15576;6;7;1915;1976;0;0;0;840;840;840;840;0;1680;0;0;2;0;4;1;8;0;1960;1;308;0;0;160;0;0;0;0;3;2008;177000
60;109;14154;7;5;2006;2006;350;0;0;1063;1063;1071;1101;0;2172;0;0;2;1;3;1;9;1;2006;3;947;192;62;0;0;0;0;0;8;2007;280000
60;85;10800;8;5;2007;2008;100;789;0;245;1034;1050;1028;0;2078;1;0;2;1;3;1;8;1;2008;3;836;0;102;0;0;0;0;0;4;2008;339750
20;68;9571;5;3;1958;1958;0;0;0;1276;1276;1276;0;0;1276;0;0;1;0;3;1;5;0;1958;1;350;0;0;0;0;0;0;0;6;2009;60000
190;100;34650;5;5;1955;1955;0;1056;0;0;1056;1056;0;0;1056;1;0;1;0;3;1;5;0;1955;2;572;264;0;0;0;0;0;0;1;2006;145000
20;NA;4403;7;5;2009;2009;432;578;0;892;1470;1478;0;0;1478;1;0;2;1;2;1;7;1;2009;2;484;0;144;0;0;0;0;0;6;2010;222000
30;56;8960;5;6;1927;1950;0;0;0;1008;1008;1028;0;0;1028;0;0;1;0;2;1;5;1;1927;2;360;0;0;130;0;0;0;0;3;2010;115000
60;59;11228;7;5;1993;1993;0;50;531;499;1080;1080;1017;0;2097;0;1;2;1;3;1;9;1;1993;3;678;196;187;0;0;0;0;0;12;2008;228000
20;73;8899;7;5;2007;2007;0;24;0;1316;1340;1340;0;0;1340;0;0;2;0;3;1;6;0;2007;2;396;100;30;0;0;0;0;0;8;2007;181134
60;74;7844;6;7;1978;1978;203;209;0;463;672;672;728;0;1400;0;0;1;1;3;1;6;1;1978;2;440;0;0;0;0;0;0;0;3;2006;149500
70;86;22420;6;6;1918;1950;0;1128;0;242;1370;1370;1254;0;2624;1;0;2;1;4;1;10;1;1918;3;864;0;0;0;0;0;0;0;11;2007;239000
50;60;8160;5;6;1940;1950;0;312;0;444;756;756;378;0;1134;1;0;1;1;3;1;7;0;1940;1;240;0;0;0;0;0;0;0;4;2007;126000
20;65;8450;5;6;1968;1968;0;775;0;281;1056;1056;0;0;1056;1;0;1;0;3;1;6;1;1968;1;304;0;85;184;0;0;0;0;7;2010;142000
90;78;7060;7;5;1997;1998;200;1309;0;35;1344;1344;0;0;1344;2;0;2;0;2;2;8;0;1997;4;784;0;0;0;0;0;0;0;11;2008;206300
20;NA;16635;6;7;1977;2000;126;1246;0;356;1602;1602;0;0;1602;0;1;2;0;3;1;8;1;1977;2;529;240;0;0;0;0;0;0;6;2009;215000
20;100;21750;5;5;1954;1954;0;0;0;988;988;988;0;0;988;0;0;1;0;2;1;4;0;1954;2;520;0;0;0;0;0;0;0;2;2008;113000
60;80;9200;8;5;1998;1998;473;986;0;484;1470;1470;1160;0;2630;1;0;2;1;4;1;8;1;1998;3;696;0;66;0;0;0;0;0;6;2008;315000
20;72;9000;6;5;1956;1956;74;616;0;580;1196;1196;0;0;1196;1;0;1;0;2;1;6;1;1956;1;297;0;44;0;0;0;0;0;5;2008;139000
60;60;3378;7;8;1946;1992;0;0;0;651;651;707;682;0;1389;0;0;1;1;3;1;6;2;1947;1;240;0;0;126;0;0;0;0;9;2009;135000
80;NA;12800;7;5;1989;1989;145;1518;0;0;1518;1644;0;0;1644;1;1;2;0;2;1;5;1;1989;2;569;80;0;0;0;396;0;0;8;2009;275000
20;77;8593;4;6;1957;1957;0;288;0;619;907;907;0;0;907;0;0;1;0;3;1;5;0;1964;1;352;0;0;0;0;0;0;0;7;2008;109008
20;64;6762;7;5;2007;2007;108;664;0;544;1208;1208;0;0;1208;1;0;2;0;2;1;6;0;2007;2;628;105;54;0;0;0;0;0;9;2007;195400
20;130;11457;6;5;1988;1988;0;1005;0;387;1392;1412;0;0;1412;1;0;2;0;3;1;6;1;1988;2;576;0;0;169;0;0;0;0;3;2009;175000
160;21;1680;6;5;1971;1971;232;387;0;96;483;483;504;0;987;0;0;1;1;2;1;4;0;1971;1;264;0;0;0;0;0;0;0;7;2008;85400
50;60;5586;6;7;1920;1998;0;0;0;901;901;1088;110;0;1198;0;0;1;0;4;1;7;0;NA;0;0;0;98;0;0;0;0;0;9;2008;79900
160;24;1920;5;5;1971;1971;376;471;0;294;765;765;600;0;1365;1;0;1;1;2;1;6;0;1971;2;440;240;36;0;0;0;0;0;8;2007;122500
60;100;10839;6;5;1997;1998;0;0;0;926;926;926;678;0;1604;0;0;2;1;3;1;7;1;1997;2;470;0;36;0;0;0;0;0;7;2008;181000
180;21;1890;4;7;1972;1972;0;495;0;135;630;630;0;0;630;1;0;1;0;1;1;3;0;NA;0;0;88;0;0;0;0;0;0;6;2008;81000
60;43;10667;7;6;1996;1996;0;385;344;70;799;827;834;0;1661;1;0;2;1;3;1;6;1;1996;2;550;158;61;0;0;0;0;0;4;2009;212000
50;40;4400;6;8;1920;1950;0;0;0;648;648;734;384;0;1118;0;0;1;0;2;1;6;0;1990;2;440;0;0;0;0;0;0;0;10;2006;116000
45;50;6000;6;7;1926;2004;0;0;0;884;884;904;0;0;904;0;0;1;0;2;1;4;0;1926;1;180;0;0;105;0;0;0;0;1;2009;119000
30;40;4280;5;6;1913;2002;0;365;0;75;440;694;0;0;694;0;0;1;0;2;1;4;1;1990;1;352;0;0;34;0;0;0;0;3;2007;90350
50;67;12354;6;8;1920;2000;0;0;0;684;684;684;512;0;1196;0;0;1;0;3;1;7;0;2005;2;528;0;46;0;0;0;0;800;8;2009;110000
20;105;15431;10;5;2008;2008;200;1767;539;788;3094;2402;0;0;2402;1;0;2;0;2;1;10;2;2008;3;672;0;72;0;0;170;0;0;4;2009;555000
90;92;12108;4;4;1955;1955;270;133;0;1307;1440;1440;0;0;1440;0;0;2;0;4;2;8;0;NA;0;0;0;0;0;0;0;0;0;9;2008;118000
50;52;6240;5;7;1930;1992;0;0;0;1078;1078;1128;445;0;1573;0;0;2;0;3;1;8;1;1930;2;360;0;0;0;0;0;0;0;6;2008;162900
120;53;3922;7;5;2006;2007;72;0;0;1258;1258;1258;0;0;1258;0;0;2;0;2;1;6;1;2007;3;648;144;16;0;0;0;0;0;6;2007;172500
60;70;8750;7;5;1994;1995;0;642;0;273;915;933;975;0;1908;1;0;2;1;4;1;8;1;1994;2;493;144;133;0;0;0;0;0;7;2008;210000
20;73;9855;6;5;1956;1956;0;0;0;1436;1436;1689;0;0;1689;0;0;1;0;3;1;7;1;1956;2;480;0;0;0;0;0;0;0;11;2009;127500
20;137;16492;6;6;1966;2002;0;247;713;557;1517;1888;0;0;1888;0;0;2;1;2;1;6;1;1966;2;578;0;0;0;0;0;0;0;6;2010;190000
60;NA;11214;7;5;1998;1999;0;0;0;930;930;956;930;0;1886;0;0;2;1;4;1;10;1;1998;2;431;89;0;0;0;0;0;0;7;2006;199900
50;50;8600;6;6;1937;1950;0;0;0;780;780;780;596;0;1376;0;0;2;0;3;1;7;1;1937;1;198;0;0;0;0;0;0;0;6;2006;119500
50;50;6000;3;7;1948;2002;0;331;0;318;649;679;504;0;1183;0;0;1;1;2;1;6;0;1981;1;308;0;176;0;0;0;0;0;6;2007;120000
30;70;5684;6;8;1930;2005;0;0;0;813;813;813;0;0;813;0;0;1;0;2;1;5;0;1932;1;270;0;113;0;0;0;0;0;6;2006;110000
20;62;70761;7;5;1975;1975;0;655;0;878;1533;1533;0;0;1533;1;0;2;0;2;1;5;2;1975;2;576;200;54;0;0;0;0;0;12;2006;280000
60;NA;9303;6;5;1996;1997;42;742;0;130;872;888;868;0;1756;1;0;2;1;3;1;7;0;1996;2;422;144;122;0;0;0;0;0;7;2007;204000
60;75;9000;8;5;2008;2008;0;0;0;768;768;786;804;0;1590;0;0;2;1;3;1;6;0;2008;2;676;0;30;0;0;0;0;0;6;2009;210000
90;63;9297;5;5;1976;1976;0;1606;0;122;1728;1728;0;0;1728;2;0;2;0;4;2;8;0;1976;2;560;0;0;0;0;0;0;0;7;2006;188000
20;80;9600;7;6;1973;1973;320;916;0;326;1242;1242;0;0;1242;0;0;1;1;3;1;6;1;1973;2;528;0;0;0;0;0;0;0;9;2007;175500
70;34;4571;5;5;1916;1950;0;0;0;624;624;624;720;0;1344;0;0;1;0;4;1;7;0;1916;3;513;0;0;96;0;0;0;0;5;2008;98000
20;NA;53227;4;6;1954;1994;0;1116;0;248;1364;1663;0;0;1663;1;0;1;0;2;1;6;2;1954;2;529;224;137;0;0;0;0;0;3;2008;256000
70;NA;5100;8;7;1925;1996;0;0;0;588;588;833;833;0;1666;0;0;1;0;3;1;7;1;1925;1;228;192;63;0;0;0;0;0;6;2008;161000
50;NA;7015;5;4;1950;1950;161;185;0;524;709;979;224;0;1203;1;0;1;0;3;1;5;1;1950;1;352;0;0;248;0;0;0;0;7;2009;110000
60;75;8004;8;5;2009;2009;110;544;0;288;832;832;1103;0;1935;1;0;2;1;3;1;8;0;2009;2;552;0;150;0;0;0;0;0;12;2009;263435
70;60;7200;7;9;1936;2007;0;350;210;0;560;575;560;0;1135;1;0;1;0;3;1;6;0;1971;2;576;256;0;0;0;0;0;0;4;2009;155000
20;60;8281;5;5;1965;1965;0;553;311;0;864;864;0;0;864;0;0;1;0;3;1;5;1;1965;1;360;0;0;236;0;0;0;0;12;2009;62383
70;74;11988;6;7;1934;1995;0;326;0;389;715;849;811;0;1660;0;0;1;1;3;1;6;1;1939;1;240;0;0;0;0;0;0;0;8;2008;188700
20;60;8430;5;5;1978;1978;136;616;0;424;1040;1040;0;0;1040;0;0;2;0;3;1;5;0;NA;0;0;0;0;0;0;0;0;0;8;2009;124000
120;NA;3072;7;5;2004;2004;18;0;0;1375;1375;1414;0;0;1414;0;0;2;0;2;1;6;1;2004;2;398;144;20;0;0;0;0;0;5;2006;178740
20;85;10628;7;5;1970;1970;0;778;0;499;1277;1277;0;0;1277;1;0;1;0;2;1;5;1;1970;2;526;0;0;0;0;176;0;0;4;2007;167000
70;79;9480;5;7;1942;1995;224;386;0;342;728;888;756;0;1644;0;0;1;1;3;1;7;2;1942;1;312;168;0;0;0;0;0;0;6;2007;146500
20;98;11428;8;5;2006;2006;248;0;0;1626;1626;1634;0;0;1634;0;0;2;0;3;1;7;1;2006;3;866;0;44;0;0;0;0;0;5;2007;250000
60;76;9291;6;5;1993;1993;120;426;0;406;832;832;878;0;1710;0;0;2;1;3;1;7;0;1993;2;506;144;70;0;0;0;0;0;6;2008;187000
120;NA;6820;8;5;1985;1985;0;368;1120;0;1488;1502;0;0;1502;1;0;1;1;1;1;4;0;1985;2;528;0;54;0;0;140;0;0;6;2010;212000
60;92;11952;7;6;1977;1977;0;0;0;808;808;1161;808;0;1969;0;0;2;1;3;1;8;1;1977;2;534;0;0;0;0;276;0;0;11;2007;190000
180;35;3675;6;5;2005;2005;80;459;0;88;547;1072;0;0;1072;1;0;1;0;2;1;5;0;2005;2;525;0;28;0;0;0;0;0;6;2008;148000
20;110;14977;8;5;2006;2007;304;1350;0;626;1976;1976;0;0;1976;1;0;2;0;2;1;7;1;2006;3;908;250;63;0;0;0;0;0;7;2007;440000
120;41;5330;8;5;2000;2000;0;1196;0;298;1494;1652;0;0;1652;1;0;2;0;2;1;6;0;2000;2;499;96;48;0;0;0;0;0;8;2007;251000
20;80;8480;5;6;1963;1963;0;630;0;340;970;970;0;0;970;1;0;1;0;2;1;5;0;1996;2;624;0;24;0;0;192;0;0;7;2007;132500
20;75;13125;6;5;1997;1998;215;994;0;484;1478;1493;0;0;1493;1;0;2;0;3;1;7;1;1997;2;508;140;39;0;0;0;0;0;4;2008;208900
60;105;13693;9;5;2006;2006;772;0;0;2153;2153;2069;574;0;2643;0;0;2;1;3;1;9;1;2006;3;694;414;84;0;0;0;0;0;3;2007;380000
20;79;10637;8;5;2007;2008;336;1288;0;417;1705;1718;0;0;1718;1;0;2;0;3;1;7;1;2007;3;826;208;44;0;0;0;0;0;9;2009;297000
30;50;5925;4;7;1937;2000;435;168;0;739;907;1131;0;0;1131;0;0;1;0;2;1;7;0;1995;2;672;0;72;0;0;0;0;0;3;2007;89471
20;98;16033;9;5;2004;2005;378;1261;0;572;1833;1850;0;0;1850;1;0;2;0;3;1;8;1;2004;3;772;519;112;0;0;0;0;0;3;2006;326000
20;72;11846;9;5;2003;2004;562;1567;0;225;1792;1792;0;0;1792;1;0;2;0;2;1;6;1;2003;3;874;206;49;0;0;0;0;0;8;2006;374000
70;50;2500;7;8;1915;2005;0;299;0;611;910;916;910;0;1826;1;0;1;1;4;1;7;1;1915;1;164;0;0;0;0;0;0;0;6;2009;155000
120;32;4500;6;5;1998;1998;116;897;0;319;1216;1216;0;0;1216;1;0;2;0;2;1;5;0;1998;2;402;0;125;0;0;0;0;0;5;2006;164000
20;NA;7758;5;7;1962;2001;0;588;0;411;999;999;0;0;999;1;0;1;0;3;1;6;0;1963;1;264;0;132;0;0;0;0;0;3;2007;132500
20;80;9600;5;7;1950;2007;0;607;0;506;1113;1113;0;0;1113;0;0;1;0;3;1;5;1;1950;1;264;0;80;120;0;0;0;0;7;2009;147000
20;79;10289;5;7;1965;1965;168;836;0;237;1073;1073;0;0;1073;1;0;1;1;3;1;6;0;1965;2;515;0;0;0;0;0;0;0;6;2007;156000
20;70;12243;5;6;1971;1971;0;998;0;486;1484;1484;0;0;1484;0;0;2;0;3;1;7;1;1971;2;487;224;0;0;0;180;0;0;2;2007;175000
190;60;10800;5;4;1900;1970;0;664;0;290;954;1766;648;0;2414;0;0;2;0;3;2;10;1;1970;2;520;142;0;0;0;0;0;0;5;2006;160000
180;21;1526;4;8;1970;2002;0;515;0;115;630;630;0;0;630;1;0;1;0;1;1;3;0;1970;1;286;0;0;0;0;0;0;0;5;2009;86000
160;NA;2665;5;6;1976;1976;0;0;0;264;264;616;688;0;1304;0;0;1;1;3;1;4;1;1976;1;336;141;24;0;0;0;0;0;6;2008;115000
50;79;9490;6;7;1941;1950;0;403;165;238;806;958;620;0;1578;1;0;1;0;3;1;5;2;1941;1;240;0;0;32;0;0;0;0;8;2006;133000
60;105;15578;6;5;2006;2006;0;0;0;728;728;728;728;0;1456;0;0;2;1;3;1;8;0;2006;2;429;0;0;0;0;0;0;0;5;2006;172785
20;70;7931;5;6;1960;1960;0;374;532;363;1269;1269;0;0;1269;0;0;1;1;3;1;6;1;1964;1;308;0;0;0;0;0;0;0;6;2008;155000
30;50;5784;5;8;1938;1996;0;0;0;190;190;886;0;0;886;0;0;1;0;2;1;4;0;1938;1;273;144;20;80;0;0;0;0;12;2009;91300
30;60;7879;4;5;1920;1950;0;495;0;225;720;720;0;0;720;0;0;1;0;2;1;4;0;NA;0;0;0;523;115;0;0;0;0;11;2009;34900
20;NA;12692;8;5;1992;1993;0;1231;0;1969;3200;3228;0;0;3228;1;0;3;0;4;1;10;1;1992;2;546;264;75;291;0;0;0;0;5;2007;430000
50;60;9120;7;6;1925;1950;0;329;0;697;1026;1133;687;0;1820;1;0;2;0;4;1;8;0;1925;1;240;0;100;0;0;0;0;0;6;2008;184000
20;65;7800;5;7;1967;2004;89;450;0;414;864;899;0;0;899;0;0;1;0;3;1;5;0;1967;1;288;64;0;0;0;0;0;0;6;2009;130000
